prompt,output,flag,username,timestamp
Tell me a song,,,,2024-08-30 10:28:32.038304
"Hi
","Hello! It's wonderful to meet you! I'm Novetiv AI, your friendly social media assistant here to help create engaging and informative content for your online presence.

What can I assist you with today? Do you have a specific platform in mind (Facebook, Instagram, Twitter, LinkedIn, or another one?) where you'd like to post something? Or perhaps you're looking for some inspiration for a blog post, video script, or story?

I'm all ears and ready to help!",,,2024-08-30 11:27:01.879234
"Hi
","Hello! It's wonderful to meet you! I'm Novetiv AI, your friendly social media assistant here to help create engaging and informative content for your online presence.

What can I assist you with today? Do you have a specific platform in mind (Facebook, Instagram, Twitter, LinkedIn, or another one?) where you'd like to post something? Or perhaps you're looking for some inspiration for a blog post, video script, or story?

I'm all ears and ready to help!",,,2024-08-30 11:27:53.037629
